"ID";"RegioS";"Perioden";"BevolkingAanHetBeginVanDePeriode_1";"LevendGeborenKinderen_2";"Overledenen_3";"TotaleVestiging_4";"VestigingVanuitEenAndereGemeente_5";"Immigratie_6";"TotaalVertrekInclAdmCorrecties_7";"VertrekNaarAndereGemeente_8";"EmigratieInclusiefAdmCorrecties_9";"OverigeCorrecties_10";"Bevolkingsgroei_11";"BevolkingsgroeiRelatief_12";"BevolkingsgroeiSinds1Januari_13";"BevolkingsgroeiSinds1JanuariRela_14";"BevolkingAanHetEindeVanDePeriode_15"
"107325";"GM1714";"2002MM01";"";"";"";"";"";"";"";"";"";"";"";"";"";"";""
"107326";"GM1714";"2002MM02";"";"";"";"";"";"";"";"";"";"";"";"";"";"";""
"107327";"GM1714";"2002MM03";"";"";"";"";"";"";"";"";"";"";"";"";"";"";""
"107328";"GM1714";"2002MM04";"";"";"";"";"";"";"";"";"";"";"";"";"";"";""
"107329";"GM1714";"2002MM05";"";"";"";"";"";"";"";"";"";"";"";"";"";"";""
"107330";"GM1714";"2002MM06";"";"";"";"";"";"";"";"";"";"";"";"";"";"";""
"107331";"GM1714";"2002MM07";"";"";"";"";"";"";"";"";"";"";"";"";"";"";""
"107332";"GM1714";"2002MM08";"";"";"";"";"";"";"";"";"";"";"";"";"";"";""
"107333";"GM1714";"2002MM09";"";"";"";"";"";"";"";"";"";"";"";"";"";"";""
"107334";"GM1714";"2002MM10";"";"";"";"";"";"";"";"";"";"";"";"";"";"";""
"107335";"GM1714";"2002MM11";"";"";"";"";"";"";"";"";"";"";"";"";"";"";""
"107336";"GM1714";"2002MM12";"";"";"";"";"";"";"";"";"";"";"";"";"";"";""
"107337";"GM1714";"2002JJ00";"";"";"";"";"";"";"";"";"";"";"";"";"";"";""
"107338";"GM1714";"2003MM01";"   24828";"      23";"      29";"      90";"      48";"      42";"      70";"      64";"       6";"";"      14";"    0.06";"      14";"    0.06";"   24842"
"107339";"GM1714";"2003MM02";"   24842";"      21";"      33";"      46";"      31";"      15";"      44";"      37";"       7";"";"     -10";"   -0.04";"       4";"    0.02";"   24832"
"107340";"GM1714";"2003MM03";"   24832";"      18";"      29";"      64";"      39";"      25";"      54";"      42";"      12";"";"      -1";"    0.00";"       3";"    0.01";"   24831"
"107341";"GM1714";"2003MM04";"   24831";"      15";"      24";"      77";"      60";"      17";"      54";"      47";"       7";"";"      14";"    0.06";"      17";"    0.07";"   24845"
"107342";"GM1714";"2003MM05";"   24845";"      14";"      21";"      71";"      46";"      25";"      40";"      32";"       8";"";"      24";"    0.10";"      41";"    0.17";"   24869"
"107343";"GM1714";"2003MM06";"   24869";"      13";"      28";"      66";"      52";"      14";"      64";"      51";"      13";"";"     -13";"   -0.05";"      28";"    0.11";"   24856"
"107344";"GM1714";"2003MM07";"   24856";"      16";"      33";"      79";"      66";"      13";"      84";"      76";"       8";"";"     -22";"   -0.09";"       6";"    0.02";"   24834"
"107345";"GM1714";"2003MM08";"   24834";"      19";"      20";"      80";"      60";"      20";"     113";"     104";"       9";"";"     -34";"   -0.14";"     -28";"   -0.11";"   24800"
"107346";"GM1714";"2003MM09";"   24800";"      14";"      22";"     100";"      79";"      21";"     110";"      96";"      14";"";"     -18";"   -0.07";"     -46";"   -0.19";"   24782"
"107347";"GM1714";"2003MM10";"   24782";"      13";"      33";"      79";"      68";"      11";"     128";"     117";"      11";"";"     -69";"   -0.28";"    -115";"   -0.46";"   24713"
"107348";"GM1714";"2003MM11";"   24713";"      17";"      21";"      62";"      50";"      12";"     108";"      98";"      10";"";"     -50";"   -0.20";"    -165";"   -0.66";"   24663"
"107349";"GM1714";"2003MM12";"   24663";"      14";"      35";"      47";"      38";"       9";"      77";"      70";"       7";"     -16";"     -67";"   -0.27";"    -232";"   -0.93";"   24596"
"107350";"GM1714";"2003JJ00";"   24828";"     197";"     328";"     861";"     637";"     224";"     946";"     834";"     112";"     -16";"    -232";"   -0.93";"    -232";"   -0.93";"   24596"
"107351";"GM1714";"2004MM01";"   24596";"      29";"      26";"      63";"      45";"      18";"      92";"      59";"      33";"";"     -26";"   -0.11";"     -26";"   -0.11";"   24570"
"107352";"GM1714";"2004MM02";"   24570";"      18";"      20";"      43";"      33";"      10";"      45";"      26";"      19";"";"      -4";"   -0.02";"     -30";"   -0.12";"   24566"
"107353";"GM1714";"2004MM03";"   24566";"      12";"      31";"      64";"      53";"      11";"      61";"      51";"      10";"";"     -16";"   -0.07";"     -46";"   -0.19";"   24550"
"107354";"GM1714";"2004MM04";"   24550";"       9";"      27";"      57";"      47";"      10";"      44";"      33";"      11";"";"      -5";"   -0.02";"     -51";"   -0.21";"   24545"
"107355";"GM1714";"2004MM05";"   24545";"      17";"      27";"      44";"      41";"       3";"      46";"      31";"      15";"";"     -12";"   -0.05";"     -63";"   -0.26";"   24533"
"107356";"GM1714";"2004MM06";"   24533";"      23";"      17";"      88";"      75";"      13";"      63";"      40";"      23";"";"      31";"    0.13";"     -32";"   -0.13";"   24564"
"107357";"GM1714";"2004MM07";"   24564";"      24";"      16";"      92";"      74";"      18";"      58";"      46";"      12";"";"      42";"    0.17";"      10";"    0.04";"   24606"
"107358";"GM1714";"2004MM08";"   24606";"      21";"      25";"      98";"      80";"      18";"      67";"      58";"       9";"";"      27";"    0.11";"      37";"    0.15";"   24633"
"107359";"GM1714";"2004MM09";"   24633";"      23";"      23";"      77";"      59";"      18";"      82";"      78";"       4";"";"      -5";"   -0.02";"      32";"    0.13";"   24628"
"107360";"GM1714";"2004MM10";"   24628";"      19";"      23";"      40";"      38";"       2";"      62";"      51";"      11";"";"     -26";"   -0.11";"       6";"    0.02";"   24602"
"107361";"GM1714";"2004MM11";"   24602";"      15";"      32";"      60";"      53";"       7";"      38";"      30";"       8";"";"       5";"    0.02";"      11";"    0.04";"   24607"
"107362";"GM1714";"2004MM12";"   24607";"      13";"      22";"      60";"      43";"      17";"      49";"      45";"       4";"      -4";"      -2";"   -0.01";"       9";"    0.04";"   24605"
"107363";"GM1714";"2004JJ00";"   24596";"     223";"     289";"     786";"     641";"     145";"     707";"     548";"     159";"      -4";"       9";"    0.04";"       9";"    0.04";"   24605"
"107364";"GM1714";"2005MM01";"   24605";"      15";"      26";"      58";"      49";"       9";"      68";"      48";"      20";"";"     -21";"   -0.09";"     -21";"   -0.09";"   24584"
"107365";"GM1714";"2005MM02";"   24584";"      17";"      26";"      66";"      55";"      11";"     164";"      28";"     136";"";"    -107";"   -0.44";"    -128";"   -0.52";"   24477"
"107366";"GM1714";"2005MM03";"   24477";"      17";"      36";"      40";"      37";"       3";"      49";"      39";"      10";"";"     -28";"   -0.11";"    -156";"   -0.63";"   24449"
"107367";"GM1714";"2005MM04";"   24449";"      15";"      20";"      66";"      48";"      18";"      48";"      35";"      13";"";"      13";"    0.05";"    -143";"   -0.58";"   24462"
"107368";"GM1714";"2005MM05";"   24462";"      18";"      23";"      36";"      26";"      10";"      46";"      22";"      24";"";"     -15";"   -0.06";"    -158";"   -0.64";"   24447"
"107369";"GM1714";"2005MM06";"   24447";"      11";"      27";"      56";"      49";"       7";"      41";"      26";"      15";"";"      -1";"    0.00";"    -159";"   -0.65";"   24446"
"107370";"GM1714";"2005MM07";"   24446";"      15";"      23";"      91";"      75";"      16";"     107";"      46";"      61";"";"     -24";"   -0.10";"    -183";"   -0.74";"   24422"
"107371";"GM1714";"2005MM08";"   24422";"      16";"      28";"      89";"      79";"      10";"      84";"      71";"      13";"";"      -7";"   -0.03";"    -190";"   -0.77";"   24415"
"107372";"GM1714";"2005MM09";"   24415";"      17";"      24";"      88";"      76";"      12";"     103";"      91";"      12";"";"     -22";"   -0.09";"    -212";"   -0.86";"   24393"
"107373";"GM1714";"2005MM10";"   24393";"      18";"      22";"      68";"      57";"      11";"      76";"      40";"      36";"";"     -12";"   -0.05";"    -224";"   -0.91";"   24381"
"107374";"GM1714";"2005MM11";"   24381";"      20";"      26";"      53";"      45";"       8";"      66";"      54";"      12";"";"     -19";"   -0.08";"    -243";"   -0.99";"   24362"
"107375";"GM1714";"2005MM12";"   24362";"      21";"      26";"      54";"      47";"       7";"      61";"      50";"      11";"       7";"      -5";"   -0.02";"    -248";"   -1.01";"   24357"
"107376";"GM1714";"2005JJ00";"   24605";"     200";"     307";"     765";"     643";"     122";"     913";"     550";"     363";"       7";"    -248";"   -1.01";"    -248";"   -1.01";"   24357"
"107377";"GM1714";"2006MM01";"   24357";"      12";"      28";"      94";"      68";"      26";"      71";"      47";"      24";"";"       7";"    0.03";"       7";"    0.03";"   24364"
"107378";"GM1714";"2006MM02";"   24364";"      15";"      29";"      48";"      32";"      16";"      49";"      27";"      22";"";"     -15";"   -0.06";"      -8";"   -0.03";"   24349"
"107379";"GM1714";"2006MM03";"   24349";"      19";"      35";"      65";"      49";"      16";"      49";"      33";"      16";"";"       0";"    0.00";"      -8";"   -0.03";"   24349"
"107380";"GM1714";"2006MM04";"   24349";"      17";"      25";"      53";"      38";"      15";"      50";"      35";"      15";"";"      -5";"   -0.02";"     -13";"   -0.05";"   24344"
"107381";"GM1714";"2006MM05";"   24344";"      18";"      19";"      69";"      52";"      17";"      44";"      36";"       8";"";"      24";"    0.10";"      11";"    0.05";"   24368"
"107382";"GM1714";"2006MM06";"   24368";"      27";"      19";"      55";"      48";"       7";"      42";"      31";"      11";"";"      21";"    0.09";"      32";"    0.13";"   24389"
"107383";"GM1714";"2006MM07";"   24389";"      20";"      21";"      72";"      59";"      13";"      78";"      75";"       3";"";"      -7";"   -0.03";"      25";"    0.10";"   24382"
"107384";"GM1714";"2006MM08";"   24382";"      18";"      26";"     103";"      82";"      21";"     101";"      84";"      17";"";"      -6";"   -0.02";"      19";"    0.08";"   24376"
"107385";"GM1714";"2006MM09";"   24376";"      15";"      22";"      39";"      34";"       5";"      97";"      75";"      22";"";"     -65";"   -0.27";"     -46";"   -0.19";"   24311"
"107386";"GM1714";"2006MM10";"   24311";"      22";"      24";"      62";"      45";"      17";"      80";"      53";"      27";"";"     -20";"   -0.08";"     -66";"   -0.27";"   24291"
"107387";"GM1714";"2006MM11";"   24291";"      13";"      20";"      61";"      50";"      11";"      49";"      32";"      17";"";"       5";"    0.02";"     -61";"   -0.25";"   24296"
"107388";"GM1714";"2006MM12";"   24296";"      20";"      32";"      73";"      68";"       5";"      35";"      27";"       8";"       3";"      29";"    0.12";"     -32";"   -0.13";"   24325"
"107389";"GM1714";"2006JJ00";"   24357";"     216";"     300";"     794";"     625";"     169";"     745";"     555";"     190";"       3";"     -32";"   -0.13";"     -32";"   -0.13";"   24325"
"107390";"GM1714";"2007MM01";"   24325";"      11";"      28";"      82";"      53";"      29";"      74";"      46";"      28";"";"      -9";"   -0.04";"      -9";"   -0.04";"   24316"
"107391";"GM1714";"2007MM02";"   24316";"      14";"      24";"      53";"      41";"      12";"      50";"      37";"      13";"";"      -7";"   -0.03";"     -16";"   -0.07";"   24309"
"107392";"GM1714";"2007MM03";"   24309";"      17";"      19";"      70";"      46";"      24";"      48";"      39";"       9";"";"      20";"    0.08";"       4";"    0.02";"   24329"
"107393";"GM1714";"2007MM04";"   24329";"      11";"      18";"      65";"      46";"      19";"      40";"      25";"      15";"";"      18";"    0.07";"      22";"    0.09";"   24347"
"107394";"GM1714";"2007MM05";"   24347";"      17";"      25";"      87";"      64";"      23";"      53";"      35";"      18";"";"      26";"    0.11";"      48";"    0.20";"   24373"
"107395";"GM1714";"2007MM06";"   24373";"      16";"      17";"      55";"      45";"      10";"      57";"      40";"      17";"";"      -3";"   -0.01";"      45";"    0.18";"   24370"
"107396";"GM1714";"2007MM07";"   24370";"      15";"      15";"      73";"      56";"      17";"      68";"      39";"      29";"";"       5";"    0.02";"      50";"    0.21";"   24375"
"107397";"GM1714";"2007MM08";"   24375";"      10";"      19";"      57";"      44";"      13";"     113";"     102";"      11";"";"     -65";"   -0.27";"     -15";"   -0.06";"   24310"
"107398";"GM1714";"2007MM09";"   24310";"      18";"      25";"      74";"      62";"      12";"      67";"      58";"       9";"";"       0";"    0.00";"     -15";"   -0.06";"   24310"
"107399";"GM1714";"2007MM10";"   24310";"      16";"      32";"      69";"      46";"      23";"      79";"      62";"      17";"";"     -26";"   -0.11";"     -41";"   -0.17";"   24284"
"107400";"GM1714";"2007MM11";"   24284";"      11";"      27";"      44";"      28";"      16";"      71";"      47";"      24";"";"     -43";"   -0.18";"     -84";"   -0.35";"   24241"
"107401";"GM1714";"2007MM12";"   24241";"       8";"      22";"      44";"      38";"       6";"      44";"      35";"       9";"      11";"      -3";"   -0.01";"     -87";"   -0.36";"   24238"
"107402";"GM1714";"2007JJ00";"   24325";"     164";"     271";"     773";"     569";"     204";"     764";"     565";"     199";"      11";"     -87";"   -0.36";"     -87";"   -0.36";"   24238"
"107403";"GM1714";"2008MM01";"   24238";"      21";"      29";"      89";"      60";"      29";"      79";"      58";"      21";"";"       2";"    0.01";"       2";"    0.01";"   24240"
"107404";"GM1714";"2008MM02";"   24240";"      20";"      22";"      55";"      37";"      18";"      44";"      39";"       5";"";"       9";"    0.04";"      11";"    0.05";"   24249"
"107405";"GM1714";"2008MM03";"   24249";"      25";"      31";"      56";"      38";"      18";"      54";"      34";"      20";"";"      -4";"   -0.02";"       7";"    0.03";"   24245"
"107406";"GM1714";"2008MM04";"   24245";"      12";"      24";"      75";"      48";"      27";"      53";"      31";"      22";"";"      10";"    0.04";"      17";"    0.07";"   24255"
"107407";"GM1714";"2008MM05";"   24255";"       9";"      25";"      59";"      42";"      17";"      52";"      34";"      18";"";"      -9";"   -0.04";"       8";"    0.03";"   24246"
"107408";"GM1714";"2008MM06";"   24246";"      15";"      25";"      52";"      43";"       9";"      51";"      31";"      20";"";"      -9";"   -0.04";"      -1";"    0.00";"   24237"
"107409";"GM1714";"2008MM07";"   24237";"      17";"      25";"      88";"      65";"      23";"      95";"      75";"      20";"";"     -15";"   -0.06";"     -16";"   -0.07";"   24222"
"107410";"GM1714";"2008MM08";"   24222";"      24";"       8";"      84";"      63";"      21";"     112";"      86";"      26";"";"     -12";"   -0.05";"     -28";"   -0.12";"   24210"
"107411";"GM1714";"2008MM09";"   24210";"      18";"      23";"      83";"      59";"      24";"      96";"      83";"      13";"";"     -18";"   -0.07";"     -46";"   -0.19";"   24192"
"107412";"GM1714";"2008MM10";"   24192";"       8";"      15";"      49";"      36";"      13";"      70";"      42";"      28";"";"     -28";"   -0.12";"     -74";"   -0.31";"   24164"
"107413";"GM1714";"2008MM11";"   24164";"      13";"      21";"      35";"      26";"       9";"      61";"      46";"      15";"";"     -34";"   -0.14";"    -108";"   -0.45";"   24130"
"107414";"GM1714";"2008MM12";"   24130";"      25";"      27";"      40";"      29";"      11";"      28";"      19";"       9";"      16";"      26";"    0.11";"     -82";"   -0.34";"   24156"
"107415";"GM1714";"2008JJ00";"   24238";"     207";"     275";"     765";"     546";"     219";"     795";"     578";"     217";"      16";"     -82";"   -0.34";"     -82";"   -0.34";"   24156"
"107416";"GM1714";"2009MM01";"   24156";"       6";"      40";"      85";"      64";"      21";"      45";"      34";"      11";"";"       6";"    0.02";"       6";"    0.02";"   24162"
"107417";"GM1714";"2009MM02";"   24162";"      14";"      18";"      42";"      22";"      20";"      55";"      39";"      16";"";"     -17";"   -0.07";"     -11";"   -0.05";"   24145"
"107418";"GM1714";"2009MM03";"   24145";"       7";"      18";"      49";"      34";"      15";"      40";"      27";"      13";"";"      -2";"   -0.01";"     -13";"   -0.05";"   24143"
"107419";"GM1714";"2009MM04";"   24143";"      20";"      20";"      59";"      46";"      13";"      59";"      41";"      18";"";"       0";"    0.00";"     -13";"   -0.05";"   24143"
"107420";"GM1714";"2009MM05";"   24143";"      13";"      25";"      64";"      55";"       9";"      34";"      28";"       6";"";"      18";"    0.07";"       5";"    0.02";"   24161"
"107421";"GM1714";"2009MM06";"   24161";"      12";"      25";"      77";"      49";"      28";"      42";"      30";"      12";"";"      22";"    0.09";"      27";"    0.11";"   24183"
"107422";"GM1714";"2009MM07";"   24183";"      11";"      21";"      75";"      54";"      21";"      84";"      69";"      15";"";"     -19";"   -0.08";"       8";"    0.03";"   24164"
"107423";"GM1714";"2009MM08";"   24164";"      13";"      21";"      50";"      43";"       7";"      77";"      64";"      13";"";"     -35";"   -0.14";"     -27";"   -0.11";"   24129"
"107424";"GM1714";"2009MM09";"   24129";"      17";"      20";"      68";"      49";"      19";"      90";"      82";"       8";"";"     -25";"   -0.10";"     -52";"   -0.22";"   24104"
"107425";"GM1714";"2009MM10";"   24104";"      15";"      17";"      55";"      41";"      14";"      54";"      43";"      11";"";"      -1";"    0.00";"     -53";"   -0.22";"   24103"
"107426";"GM1714";"2009MM11";"   24103";"      12";"      13";"      36";"      23";"      13";"      46";"      37";"       9";"";"     -11";"   -0.05";"     -64";"   -0.26";"   24092"
"107427";"GM1714";"2009MM12";"   24092";"      18";"      18";"      42";"      37";"       5";"      45";"      32";"      13";"       0";"      -3";"   -0.01";"     -67";"   -0.28";"   24089"
"107428";"GM1714";"2009JJ00";"   24156";"     158";"     256";"     702";"     517";"     185";"     671";"     526";"     145";"       0";"     -67";"   -0.28";"     -67";"   -0.28";"   24089"
"107429";"GM1714";"2010MM01";"   24089";"      11";"      31";"      74";"      55";"      19";"      50";"      26";"      24";"";"       4";"    0.02";"       4";"    0.02";"   24093"
"107430";"GM1714";"2010MM02";"   24093";"      17";"      23";"      58";"      46";"      12";"      42";"      32";"      10";"";"      10";"    0.04";"      14";"    0.06";"   24103"
"107431";"GM1714";"2010MM03";"   24103";"      16";"      16";"      62";"      39";"      23";"      45";"      31";"      14";"";"      17";"    0.07";"      31";"    0.13";"   24120"
"107432";"GM1714";"2010MM04";"   24120";"      13";"      22";"      50";"      31";"      19";"      37";"      23";"      14";"";"       4";"    0.02";"      35";"    0.15";"   24124"
"107433";"GM1714";"2010MM05";"   24124";"      20";"      25";"      47";"      30";"      17";"      40";"      29";"      11";"";"       2";"    0.01";"      37";"    0.15";"   24126"
"107434";"GM1714";"2010MM06";"   24126";"      10";"      22";"      58";"      34";"      24";"      47";"      36";"      11";"";"      -1";"    0.00";"      36";"    0.15";"   24125"
"107435";"GM1714";"2010MM07";"   24125";"      15";"      20";"      55";"      35";"      20";"      75";"      57";"      18";"";"     -25";"   -0.10";"      11";"    0.05";"   24100"
"107436";"GM1714";"2010MM08";"   24100";"      13";"      21";"      61";"      38";"      23";"     108";"     100";"       8";"";"     -55";"   -0.23";"     -44";"   -0.18";"   24045"
"107437";"GM1714";"2010MM09";"   24045";"      19";"      32";"      71";"      53";"      18";"      93";"      65";"      28";"";"     -35";"   -0.15";"     -79";"   -0.33";"   24010"
"107438";"GM1714";"2010MM10";"   24010";"      18";"      21";"      47";"      37";"      10";"      44";"      34";"      10";"";"       0";"    0.00";"     -79";"   -0.33";"   24010"
"107439";"GM1714";"2010MM11";"   24010";"      12";"      32";"      53";"      43";"      10";"      39";"      29";"      10";"";"      -6";"   -0.02";"     -85";"   -0.35";"   24004"
"107440";"GM1714";"2010MM12";"   24004";"      12";"      27";"      40";"      20";"      20";"      45";"      28";"      17";"      -5";"     -25";"   -0.10";"    -110";"   -0.46";"   23979"
"107441";"GM1714";"2010JJ00";"   24089";"     176";"     292";"     676";"     461";"     215";"     665";"     490";"     175";"      -5";"    -110";"   -0.46";"    -110";"   -0.46";"   23979"
"107442";"GM1714";"2011MM01";"   23979";"      25";"      23";"      83";"      52";"      31";"      77";"      51";"      26";"";"       8";"    0.03";"       8";"    0.03";"   23987"
"107443";"GM1714";"2011MM02";"   23987";"      19";"      23";"      47";"      26";"      21";"      55";"      40";"      15";"";"     -12";"   -0.05";"      -4";"   -0.02";"   23975"
"107444";"GM1714";"2011MM03";"   23975";"      16";"      32";"      66";"      26";"      40";"      42";"      33";"       9";"";"       8";"    0.03";"       4";"    0.02";"   23983"
"107445";"GM1714";"2011MM04";"   23983";"      14";"      22";"      71";"      37";"      34";"      61";"      45";"      16";"";"       2";"    0.01";"       6";"    0.03";"   23985"
"107446";"GM1714";"2011MM05";"   23985";"      17";"      27";"      65";"      43";"      22";"      49";"      40";"       9";"";"       6";"    0.03";"      12";"    0.05";"   23991"
"107447";"GM1714";"2011MM06";"   23991";"      14";"      31";"      65";"      46";"      19";"      50";"      42";"       8";"";"      -2";"   -0.01";"      10";"    0.04";"   23989"
"107448";"GM1714";"2011MM07";"   23989";"       9";"      20";"      82";"      43";"      39";"      57";"      41";"      16";"";"      14";"    0.06";"      24";"    0.10";"   24003"
"107449";"GM1714";"2011MM08";"   24003";"      11";"      32";"      77";"      49";"      28";"     114";"      85";"      29";"";"     -58";"   -0.24";"     -34";"   -0.14";"   23945"
"107450";"GM1714";"2011MM09";"   23945";"      23";"      21";"      91";"      48";"      43";"     116";"     103";"      13";"";"     -23";"   -0.10";"     -57";"   -0.24";"   23922"
"107451";"GM1714";"2011MM10";"   23922";"      16";"      23";"      63";"      32";"      31";"      71";"      51";"      20";"";"     -15";"   -0.06";"     -72";"   -0.30";"   23907"
"107452";"GM1714";"2011MM11";"   23907";"      14";"      37";"      76";"      38";"      38";"      59";"      42";"      17";"";"      -6";"   -0.03";"     -78";"   -0.33";"   23901"
"107453";"GM1714";"2011MM12";"   23901";"      13";"      26";"      41";"      20";"      21";"      40";"      29";"      11";"       3";"      -9";"   -0.04";"     -87";"   -0.36";"   23892"
"107454";"GM1714";"2011JJ00";"   23979";"     191";"     317";"     827";"     460";"     367";"     791";"     602";"     189";"       3";"     -87";"   -0.36";"     -87";"   -0.36";"   23892"
"107455";"GM1714";"2012MM01";"   23892";"      14";"      33";"      85";"      51";"      34";"      63";"      46";"      17";"";"       3";"    0.01";"       3";"    0.01";"   23895"
"107456";"GM1714";"2012MM02";"   23895";"      13";"      27";"      92";"      40";"      52";"      58";"      47";"      11";"";"      20";"    0.08";"      23";"    0.10";"   23915"
"107457";"GM1714";"2012MM03";"   23915";"      19";"      30";"      58";"      28";"      30";"      52";"      46";"       6";"";"      -5";"   -0.02";"      18";"    0.08";"   23910"
"107458";"GM1714";"2012MM04";"   23910";"      12";"      16";"      54";"      35";"      19";"      49";"      38";"      11";"";"       1";"    0.00";"      19";"    0.08";"   23911"
"107459";"GM1714";"2012MM05";"   23911";"      14";"      24";"      60";"      36";"      24";"      49";"      26";"      23";"";"       1";"    0.00";"      20";"    0.08";"   23912"
"107460";"GM1714";"2012MM06";"   23912";"       9";"      15";"      79";"      50";"      29";"      42";"      26";"      16";"";"      31";"    0.13";"      51";"    0.21";"   23943"
"107461";"GM1714";"2012MM07";"   23943";"      15";"      19";"      88";"      49";"      39";"      53";"      41";"      12";"";"      31";"    0.13";"      82";"    0.34";"   23974"
"107462";"GM1714";"2012MM08";"   23974";"      17";"      20";"      71";"      32";"      39";"     109";"      97";"      12";"";"     -41";"   -0.17";"      41";"    0.17";"   23933"
"107463";"GM1714";"2012MM09";"   23933";"      21";"      25";"      79";"      49";"      30";"      91";"      66";"      25";"";"     -16";"   -0.07";"      25";"    0.10";"   23917"
"107464";"GM1714";"2012MM10";"   23917";"      19";"      25";"      79";"      41";"      38";"      64";"      41";"      23";"";"       9";"    0.04";"      34";"    0.14";"   23926"
"107465";"GM1714";"2012MM11";"   23926";"      13";"      40";"      58";"      35";"      23";"      53";"      33";"      20";"";"     -22";"   -0.09";"      12";"    0.05";"   23904"
"107466";"GM1714";"2012MM12";"   23904";"      12";"      39";"      71";"      49";"      22";"      61";"      38";"      23";"      -1";"     -18";"   -0.08";"      -6";"   -0.03";"   23886"
"107467";"GM1714";"2012JJ00";"   23892";"     178";"     313";"     874";"     495";"     379";"     744";"     545";"     199";"      -1";"      -6";"   -0.03";"      -6";"   -0.03";"   23886"
"107468";"GM1714";"2013MM01";"   23886";"      19";"      28";"      63";"      35";"      28";"      57";"      42";"      15";"";"      -3";"   -0.01";"      -3";"   -0.01";"   23883"
"107469";"GM1714";"2013MM02";"   23883";"      17";"      37";"      52";"      35";"      17";"      42";"      28";"      14";"";"     -10";"   -0.04";"     -13";"   -0.05";"   23873"
"107470";"GM1714";"2013MM03";"   23873";"      19";"      29";"      53";"      36";"      17";"      39";"      26";"      13";"";"       4";"    0.02";"      -9";"   -0.04";"   23877"
"107471";"GM1714";"2013MM04";"   23877";"      20";"      27";"      64";"      42";"      22";"      54";"      30";"      24";"";"       3";"    0.01";"      -6";"   -0.03";"   23880"
"107472";"GM1714";"2013MM05";"   23880";"      12";"      26";"      81";"      43";"      38";"      61";"      38";"      23";"";"       6";"    0.03";"       0";"    0.00";"   23886"
"107473";"GM1714";"2013MM06";"   23886";"      19";"      17";"      76";"      44";"      32";"      46";"      36";"      10";"";"      32";"    0.13";"      32";"    0.13";"   23918"
"107474";"GM1714";"2013MM07";"   23918";"      10";"      23";"      84";"      50";"      34";"      75";"      60";"      15";"";"      -4";"   -0.02";"      28";"    0.12";"   23914"
"107475";"GM1714";"2013MM08";"   23914";"      18";"      24";"      74";"      45";"      29";"     123";"     104";"      19";"";"     -55";"   -0.23";"     -27";"   -0.11";"   23859"
"107476";"GM1714";"2013MM09";"   23859";"      16";"      13";"      81";"      47";"      34";"     107";"      80";"      27";"";"     -23";"   -0.10";"     -50";"   -0.21";"   23836"
"107477";"GM1714";"2013MM10";"   23836";"      16";"      17";"      68";"      45";"      23";"      64";"      42";"      22";"";"       3";"    0.01";"     -47";"   -0.20";"   23839"
"107478";"GM1714";"2013MM11";"   23839";"      10";"      27";"      62";"      40";"      22";"      61";"      39";"      22";"";"     -16";"   -0.07";"     -63";"   -0.26";"   23823"
"107479";"GM1714";"2013MM12";"   23823";"      14";"      26";"      76";"      58";"      18";"      60";"      30";"      30";"      -7";"      -3";"   -0.01";"     -66";"   -0.28";"   23820"
"107480";"GM1714";"2013JJ00";"   23886";"     190";"     294";"     834";"     520";"     314";"     789";"     555";"     234";"      -7";"     -66";"   -0.28";"     -66";"   -0.28";"   23820"
"107481";"GM1714";"2014MM01";"   23820";"      14";"      26";"      60";"      37";"      23";"      68";"      43";"      25";"";"     -20";"   -0.08";"     -20";"   -0.08";"   23800"
"107482";"GM1714";"2014MM02";"   23800";"      13";"      25";"      59";"      31";"      28";"      47";"      34";"      13";"";"       0";"    0.00";"     -20";"   -0.08";"   23800"
"107483";"GM1714";"2014MM03";"   23800";"      16";"      23";"      57";"      43";"      14";"      54";"      34";"      20";"";"      -4";"   -0.02";"     -24";"   -0.10";"   23796"
"107484";"GM1714";"2014MM04";"   23796";"      15";"      28";"      75";"      36";"      39";"      64";"      39";"      25";"";"      -2";"   -0.01";"     -26";"   -0.11";"   23794"
"107485";"GM1714";"2014MM05";"   23794";"      20";"      24";"      61";"      38";"      23";"      52";"      40";"      12";"";"       5";"    0.02";"     -21";"   -0.09";"   23799"
"107486";"GM1714";"2014MM06";"   23799";"      24";"      24";"      71";"      47";"      24";"      79";"      30";"      49";"";"      -8";"   -0.03";"     -29";"   -0.12";"   23791"
"107487";"GM1714";"2014MM07";"   23791";"      24";"      28";"      88";"      43";"      45";"      75";"      49";"      26";"";"       9";"    0.04";"     -20";"   -0.08";"   23800"
"107488";"GM1714";"2014MM08";"   23800";"      15";"      18";"      66";"      39";"      27";"      79";"      51";"      28";"";"     -16";"   -0.07";"     -36";"   -0.15";"   23784"
"107489";"GM1714";"2014MM09";"   23784";"      11";"      20";"      82";"      49";"      33";"      97";"      76";"      21";"";"     -24";"   -0.10";"     -60";"   -0.25";"   23760"
"107490";"GM1714";"2014MM10";"   23760";"      17";"      26";"      76";"      39";"      37";"      74";"      51";"      23";"";"      -7";"   -0.03";"     -67";"   -0.28";"   23753"
"107491";"GM1714";"2014MM11";"   23753";"      16";"      23";"      59";"      26";"      33";"      58";"      34";"      24";"";"      -6";"   -0.03";"     -73";"   -0.31";"   23747"
"107492";"GM1714";"2014MM12";"   23747";"      14";"      30";"      73";"      49";"      24";"      64";"      43";"      21";"       7";"       0";"    0.00";"     -73";"   -0.31";"   23747"
"107493";"GM1714";"2014JJ00";"   23820";"     199";"     295";"     827";"     477";"     350";"     811";"     524";"     287";"       7";"     -73";"   -0.31";"     -73";"   -0.31";"   23747"
"107494";"GM1714";"2015MM01";"   23747";"      17";"      27";"      61";"      35";"      26";"      68";"      52";"      16";"";"     -17";"   -0.07";"     -17";"   -0.07";"   23730"
"107495";"GM1714";"2015MM02";"   23730";"      16";"      34";"      69";"      47";"      22";"      52";"      43";"       9";"";"      -1";"    0.00";"     -18";"   -0.08";"   23729"
"107496";"GM1714";"2015MM03";"   23729";"      12";"      41";"      67";"      50";"      17";"      43";"      22";"      21";"";"      -5";"   -0.02";"     -23";"   -0.10";"   23724"
"107497";"GM1714";"2015MM04";"   23724";"      17";"      19";"      65";"      35";"      30";"      66";"      48";"      18";"";"      -3";"   -0.01";"     -26";"   -0.11";"   23721"
"107498";"GM1714";"2015MM05";"   23721";"      21";"      24";"      57";"      37";"      20";"      69";"      46";"      23";"";"     -15";"   -0.06";"     -41";"   -0.17";"   23706"
"107499";"GM1714";"2015MM06";"   23706";"       9";"      24";"      73";"      51";"      22";"      45";"      32";"      13";"";"      13";"    0.05";"     -28";"   -0.12";"   23719"
"107500";"GM1714";"2015MM07";"   23719";"      12";"      17";"      71";"      41";"      30";"      63";"      44";"      19";"";"       3";"    0.01";"     -25";"   -0.11";"   23722"
"107501";"GM1714";"2015MM08";"   23722";"      28";"      17";"      72";"      43";"      29";"      86";"      68";"      18";"";"      -3";"   -0.01";"     -28";"   -0.12";"   23719"
"107502";"GM1714";"2015MM09";"   23719";"      16";"      21";"      67";"      37";"      30";"      93";"      67";"      26";"";"     -31";"   -0.13";"     -59";"   -0.25";"   23688"
"107503";"GM1714";"2015MM10";"   23688";"      11";"      40";"      54";"      32";"      22";"      82";"      66";"      16";"";"     -57";"   -0.24";"    -116";"   -0.49";"   23631"
"107504";"GM1714";"2015MM11";"   23631";"       8";"      24";"      70";"      48";"      22";"      59";"      41";"      18";"";"      -5";"   -0.02";"    -121";"   -0.51";"   23626"
"107505";"GM1714";"2015MM12";"   23626";"      18";"      27";"      71";"      41";"      30";"      50";"      30";"      20";"       1";"      13";"    0.06";"    -108";"   -0.45";"   23639"
"107506";"GM1714";"2015JJ00";"   23747";"     185";"     315";"     797";"     497";"     300";"     776";"     559";"     217";"       1";"    -108";"   -0.45";"    -108";"   -0.45";"   23639"
"107507";"GM1714";"2016MM01";"   23639";"      14";"      29";"      87";"      46";"      41";"      53";"      39";"      14";"";"      19";"    0.08";"      19";"    0.08";"   23658"
"107508";"GM1714";"2016MM02";"   23658";"      12";"      21";"     100";"      60";"      40";"      56";"      37";"      19";"";"      35";"    0.15";"      54";"    0.23";"   23693"
"107509";"GM1714";"2016MM03";"   23693";"      11";"      15";"      67";"      44";"      23";"      52";"      40";"      12";"";"      11";"    0.05";"      65";"    0.27";"   23704"
"107510";"GM1714";"2016MM04";"   23704";"      12";"      21";"      73";"      42";"      31";"      54";"      36";"      18";"";"      10";"    0.04";"      75";"    0.32";"   23714"
"107511";"GM1714";"2016MM05";"   23714";"      15";"      25";"      67";"      56";"      11";"      55";"      35";"      20";"";"       2";"    0.01";"      77";"    0.33";"   23716"
"107512";"GM1714";"2016MM06";"   23716";"      16";"      24";"      71";"      49";"      22";"      43";"      29";"      14";"";"      20";"    0.08";"      97";"    0.41";"   23736"
"107513";"GM1714";"2016MM07";"   23736";"       8";"      17";"      93";"      50";"      43";"      81";"      61";"      20";"";"       3";"    0.01";"     100";"    0.42";"   23739"
"107514";"GM1714";"2016MM08";"   23739";"      15";"      24";"      99";"      56";"      43";"      98";"      80";"      18";"";"      -8";"   -0.03";"      92";"    0.39";"   23731"
"107515";"GM1714";"2016MM09";"   23731";"       6";"      22";"      85";"      44";"      41";"     103";"      79";"      24";"";"     -34";"   -0.14";"      58";"    0.25";"   23697"
"107516";"GM1714";"2016MM10";"   23697";"      16";"      26";"      68";"      40";"      28";"      67";"      49";"      18";"";"      -9";"   -0.04";"      49";"    0.21";"   23688"
"107517";"GM1714";"2016MM11";"   23688";"      14";"      20";"      47";"      24";"      23";"      67";"      44";"      23";"";"     -26";"   -0.11";"      23";"    0.10";"   23662"
"107518";"GM1714";"2016MM12";"   23662";"      12";"      26";"      82";"      49";"      33";"      72";"      33";"      39";"       0";"      -4";"   -0.02";"      19";"    0.08";"   23658"
"107519";"GM1714";"2016JJ00";"   23639";"     151";"     270";"     939";"     560";"     379";"     801";"     562";"     239";"       0";"      19";"    0.08";"      19";"    0.08";"   23658"
"107520";"GM1714";"2017MM01";"   23658";"      14";"      38";"      84";"      48";"      36";"      81";"      61";"      20";"";"     -21";"   -0.09";"     -21";"   -0.09";"   23637"
"107521";"GM1714";"2017MM02";"   23637";"      18";"      24";"      76";"      48";"      28";"      54";"      37";"      17";"";"      16";"    0.07";"      -5";"   -0.02";"   23653"
"107522";"GM1714";"2017MM03";"   23653";"      11";"      22";"      90";"      65";"      25";"      63";"      48";"      15";"";"      16";"    0.07";"      11";"    0.05";"   23669"
"107523";"GM1714";"2017MM04";"   23669";"      15";"      25";"      55";"      38";"      17";"      72";"      57";"      15";"";"     -27";"   -0.11";"     -16";"   -0.07";"   23642"
"107524";"GM1714";"2017MM05";"   23642";"      10";"      25";"      82";"      47";"      35";"      51";"      38";"      13";"";"      16";"    0.07";"       0";"    0.00";"   23658"
"107525";"GM1714";"2017MM06";"   23658";"      16";"      33";"      49";"      27";"      22";"      73";"      33";"      40";"";"     -41";"   -0.17";"     -41";"   -0.17";"   23617"
"107526";"GM1714";"2017MM07";"   23617";"      19";"      31";"      49";"      30";"      19";"      62";"      50";"      12";"";"     -25";"   -0.11";"     -66";"   -0.28";"   23592"
"107527";"GM1714";"2017MM08";"   23592";"      20";"      18";"      94";"      60";"      34";"      78";"      56";"      22";"";"      18";"    0.08";"     -48";"   -0.20";"   23610"
"107528";"GM1714";"2017MM09";"   23610";"      18";"      24";"      78";"      55";"      23";"      86";"      68";"      18";"";"     -14";"   -0.06";"     -62";"   -0.26";"   23596"
"107529";"GM1714";"2017MM10";"   23596";"      17";"      26";"      59";"      23";"      36";"      86";"      54";"      32";"";"     -36";"   -0.15";"     -98";"   -0.41";"   23560"
"107530";"GM1714";"2017MM11";"   23560";"      13";"      25";"      62";"      34";"      28";"      58";"      41";"      17";"";"      -8";"   -0.03";"    -106";"   -0.45";"   23552"
"107531";"GM1714";"2017MM12";"   23552";"      16";"      25";"      43";"      29";"      14";"      58";"      41";"      17";"      -2";"     -26";"   -0.11";"    -132";"   -0.56";"   23526"
"107532";"GM1714";"2017JJ00";"   23658";"     187";"     316";"     821";"     504";"     317";"     822";"     584";"     238";"      -2";"    -132";"   -0.56";"    -132";"   -0.56";"   23526"
"107533";"GM1714";"2018MM01";"   23526";"      13";"      33";"      77";"      38";"      39";"      81";"      62";"      19";"";"     -24";"   -0.10";"     -24";"   -0.10";"   23502"
"107534";"GM1714";"2018MM02";"   23502";"      12";"      31";"      85";"      43";"      42";"      66";"      46";"      20";"";"       0";"    0.00";"     -24";"   -0.10";"   23502"
"107535";"GM1714";"2018MM03";"   23502";"      11";"      29";"      85";"      58";"      27";"      50";"      33";"      17";"";"      17";"    0.07";"      -7";"   -0.03";"   23519"
"107536";"GM1714";"2018MM04";"   23519";"       8";"      13";"      48";"      26";"      22";"      55";"      37";"      18";"";"     -12";"   -0.05";"     -19";"   -0.08";"   23507"
"107537";"GM1714";"2018MM05";"   23507";"      14";"      28";"      79";"      43";"      36";"      48";"      25";"      23";"";"      17";"    0.07";"      -2";"   -0.01";"   23524"
"107538";"GM1714";"2018MM06";"   23524";"       8";"      21";"      72";"      44";"      28";"      66";"      43";"      23";"";"      -7";"   -0.03";"      -9";"   -0.04";"   23517"
"107539";"GM1714";"2018MM07";"   23517";"      15";"      17";"      76";"      43";"      33";"      65";"      41";"      24";"";"       9";"    0.04";"       0";"    0.00";"   23526"
"107540";"GM1714";"2018MM08";"   23526";"      10";"      17";"      71";"      36";"      35";"     103";"      69";"      34";"";"     -39";"   -0.17";"     -39";"   -0.17";"   23487"
"107541";"GM1714";"2018MM09";"   23487";"       9";"      16";"      58";"      41";"      17";"      90";"      62";"      28";"";"     -39";"   -0.17";"     -78";"   -0.33";"   23448"
"107542";"GM1714";"2018MM10";"   23448";"      13";"      29";"      54";"      32";"      22";"      76";"      53";"      23";"";"     -38";"   -0.16";"    -116";"   -0.49";"   23410"
"107543";"GM1714";"2018MM11";"   23410";"       9";"      21";"      72";"      47";"      25";"      64";"      46";"      18";"";"      -4";"   -0.02";"    -120";"   -0.51";"   23406"
"107544";"GM1714";"2018MM12";"   23406";"      14";"      23";"      53";"      36";"      17";"      59";"      33";"      26";"       0";"     -15";"   -0.06";"    -135";"   -0.57";"   23391"
"107545";"GM1714";"2018JJ00";"   23526";"     136";"     278";"     830";"     487";"     343";"     823";"     550";"     273";"       0";"    -135";"   -0.57";"    -135";"   -0.57";"   23391"
"107546";"GM1714";"2019MM01";"   23391";"      12";"      35";"      46";"      27";"      19";"      91";"      64";"      27";"";"     -68";"   -0.29";"     -68";"   -0.29";"   23323"
"107547";"GM1714";"2019MM02";"   23323";"      15";"      15";"      55";"      37";"      18";"      60";"      37";"      23";"";"      -5";"   -0.02";"     -73";"   -0.31";"   23318"
"107548";"GM1714";"2019MM03";"   23318";"      13";"      23";"      62";"      38";"      24";"      75";"      53";"      22";"";"     -23";"   -0.10";"     -96";"   -0.41";"   23295"
"107549";"GM1714";"2019MM04";"   23295";"      10";"      24";"      79";"      44";"      35";"      57";"      33";"      24";"";"       8";"    0.03";"     -88";"   -0.38";"   23303"
